"","gene","log2FoldChange","padj"
"1","ENSG00000135346",-3.63416513064853,0
"2","ENSG00000172379",-4.03752365261775,0
"3","ENSG00000265972",-1.86634189623773,5.09995604400176e-217
